domain,start_rank,end_rank,rank_change,change_percent
rio34.ru,0,999996,1000000,新进入
distribuidoralosmelli.com.ar,0,999821,1000000,新进入
nakitbahis959.com,0,999982,1000000,新进入
unionofbrands.net,0,999980,1000000,新进入
it24.space,0,999970,1000000,新进入
steechoubih.com,0,999963,1000000,新进入
nserver.gr,0,999956,1000000,新进入
dynews.co.kr,0,999943,1000000,新进入
x-videohd.net,0,999941,1000000,新进入
rampdata.fr,0,999940,1000000,新进入
pharmacademic.com,0,999939,1000000,新进入
taxpolicy.org.uk,0,999762,1000000,新进入
roomsofclapton.com,0,999766,1000000,新进入
prelouc-net.cz,0,999767,1000000,新进入
infooborona.ru,0,999769,1000000,新进入
print3r.xyz,0,999774,1000000,新进入
associationrevenuepartners.com,0,999782,1000000,新进入
tetris.wiki,0,999789,1000000,新进入
attap.net,0,999798,1000000,新进入
buildmenow.com.au,0,999808,1000000,新进入
raflbehlgleawm.com,0,999815,1000000,新进入
hizb-indonesia.info,0,999818,1000000,新进入
wylcans.com,0,999890,1000000,新进入
oscamicam.com,812911,0,-1000000,退出排名
eduomsk.ru,998199,0,-1000000,退出排名
refpazzbyn.top,998202,0,-1000000,退出排名
emweb.be,0,999711,1000000,新进入
dlxcasino.com,0,999716,1000000,新进入
1xslot-casino.site,0,999724,1000000,新进入
mega29.ru,0,999725,1000000,新进入
servers-baidu.com,0,999727,1000000,新进入
crestlinecapital.live,0,999565,1000000,新进入
thecycleclinic.co.uk,0,999568,1000000,新进入
apc.edu.ph,0,999571,1000000,新进入
playtetris.io,0,999586,1000000,新进入
usoc.org,0,999591,1000000,新进入
eeuucarrental.com,0,999592,1000000,新进入
mipa.cloud,0,999595,1000000,新进入
turbocasino-off.ru,0,999598,1000000,新进入
classnetwork.nl,0,999599,1000000,新进入
runamokmaple.com,0,999605,1000000,新进入
manpower.gov.om,0,999607,1000000,新进入
casinoudenrofus-bet.com,0,999622,1000000,新进入
beylikduzuescortbayanlari.com,0,999627,1000000,新进入
electrify.asia,0,999631,1000000,新进入
machinatorgame.com,0,999634,1000000,新进入
adpiapcquote.com,0,999642,1000000,新进入
casino-x788.ru,0,999487,1000000,新进入
yesww.buzz,0,999499,1000000,新进入
anyashop.top,0,999502,1000000,新进入
acrylipics.com,0,999508,1000000,新进入
mystratfordnow.com,0,999514,1000000,新进入
atsnetworking.com,0,999516,1000000,新进入
vidapi.click,0,999519,1000000,新进入
bestinvestment.io,0,999521,1000000,新进入
mobilizon.fr,0,999523,1000000,新进入
stratterax.com,0,999526,1000000,新进入
fjmc.org,0,999542,1000000,新进入
tutiendamodular.com,0,999547,1000000,新进入
hayahalmuslimah.com,0,999548,1000000,新进入
cia-i.net,0,999554,1000000,新进入
adservepronets.com,0,999561,1000000,新进入
lev-cazinodot.ru,0,999564,1000000,新进入
shopxsy.store,0,999367,1000000,新进入
salon.life,0,999375,1000000,新进入
talkline.co.in,0,999386,1000000,新进入
sola.at,0,999393,1000000,新进入
tdonepro.com,0,999404,1000000,新进入
gfg.lol,0,999411,1000000,新进入
lode777hot.com,0,999419,1000000,新进入
actiontv.biz,0,999421,1000000,新进入
titantool.com,0,999425,1000000,新进入
ttk-tarif.ru,0,999428,1000000,新进入
trt-global.com,0,999434,1000000,新进入
pitcofe.ru,0,999446,1000000,新进入
gegmc-prod.de,0,999458,1000000,新进入
greekstream.net,0,999467,1000000,新进入
xn--outletmontaa-khb.com,0,999472,1000000,新进入
mediksite.ru,0,999475,1000000,新进入
19maximumcasino.com,0,999269,1000000,新进入
webmethods.com,0,999289,1000000,新进入
empatiya-intellekt.ru,0,999290,1000000,新进入
azino777-pss.top,0,999298,1000000,新进入
strategicquadrant.com,0,999309,1000000,新进入
spiritofturtle.com,0,999312,1000000,新进入
fapnet.cloud,0,999319,1000000,新进入
helo-sauna.online,0,999326,1000000,新进入
postalcareerplacement.com,0,999329,1000000,新进入
mutabor-sec.ru,0,999338,1000000,新进入
epb.at,0,999346,1000000,新进入
newshounds.live,0,999351,1000000,新进入
littledressupshop.com,0,999354,1000000,新进入
fafadiatech.com,0,999362,1000000,新进入
smarttint.com,0,999365,1000000,新进入
swpp.co.uk,0,999366,1000000,新进入
maxemoi.com,0,999163,1000000,新进入
pando.im,0,999164,1000000,新进入
orqoo.net,0,999167,1000000,新进入
isd622.org,0,999179,1000000,新进入
web.jp,0,999181,1000000,新进入
