domain,start_rank,end_rank,rank_change,change_percent
emweb.be,0,999711,1000000,新进入
univagohe.net,0,999907,1000000,新进入
wylcans.com,0,999890,1000000,新进入
hizb-indonesia.info,0,999818,1000000,新进入
distribuidoralosmelli.com.ar,0,999821,1000000,新进入
helpusell.com,0,999827,1000000,新进入
eldoradocasino-gef.top,0,999837,1000000,新进入
cuddleco.co.uk,0,999841,1000000,新进入
shellfish-domains.com,0,999844,1000000,新进入
hbolag.com,0,999848,1000000,新进入
friendtimes.net,0,999849,1000000,新进入
xn--n1abdr5c.xn--p1ai,0,999863,1000000,新进入
casinoudenrofus-bet.com,0,999622,1000000,新进入
beylikduzuescortbayanlari.com,0,999627,1000000,新进入
electrify.asia,0,999631,1000000,新进入
machinatorgame.com,0,999634,1000000,新进入
adpiapcquote.com,0,999642,1000000,新进入
bonfitamerica.com,0,999644,1000000,新进入
pult06042020.com,0,999648,1000000,新进入
lexiang-asset.com,0,999657,1000000,新进入
1xbet-sgy.top,0,999662,1000000,新进入
craftclubco.com,0,999663,1000000,新进入
buildexelectronics.com,0,999667,1000000,新进入
demoslotpg.games,0,999912,1000000,新进入
snipes.es,0,999919,1000000,新进入
cdtlas.com,0,999925,1000000,新进入
nzylmr.com,0,999938,1000000,新进入
pharmacademic.com,0,999939,1000000,新进入
tutiendamodular.com,0,999547,1000000,新进入
hayahalmuslimah.com,0,999548,1000000,新进入
cia-i.net,0,999554,1000000,新进入
adservepronets.com,0,999561,1000000,新进入
lev-cazinodot.ru,0,999564,1000000,新进入
crestlinecapital.live,0,999565,1000000,新进入
thecycleclinic.co.uk,0,999568,1000000,新进入
apc.edu.ph,0,999571,1000000,新进入
playtetris.io,0,999586,1000000,新进入
usoc.org,0,999591,1000000,新进入
eeuucarrental.com,0,999592,1000000,新进入
prelouc-net.cz,0,999767,1000000,新进入
infooborona.ru,0,999769,1000000,新进入
print3r.xyz,0,999774,1000000,新进入
associationrevenuepartners.com,0,999782,1000000,新进入
tetris.wiki,0,999789,1000000,新进入
pitcofe.ru,0,999446,1000000,新进入
gegmc-prod.de,0,999458,1000000,新进入
greekstream.net,0,999467,1000000,新进入
xn--outletmontaa-khb.com,0,999472,1000000,新进入
mediksite.ru,0,999475,1000000,新进入
casino-x788.ru,0,999487,1000000,新进入
